Project;ncommits;nauthors;from;to;nstars;nforks;lastGHCommitDate;LongestGapStart;LongestGapEnd;LongestGapLength;NumCommitsAfterLastGap;ActivityPattern;NumberOfGapsInTimeline;BeforeThemes;AfterThemes;HypothesizedGapReason;HasRecovered;WhyRecovered;WhoRecovered;Currentstatus;RecentThemes;Notes
afeinstein20_eleanor;1665;40;2018-07-24;2025-08-26;101;43;2026-07-17T21:38:37Z;2023-06;2024-04;11;43;declining;3;Bug fixes:Feature development;Bug fixes:Feature development;"No new TESS data to support; last pre-gap commits were cadence and changelog updates";Yes;New TESS fields, faster cadences, and Sector 65 data needed support;Mostly the same maintainer, plus a few new contributors.;Active;Bug fixes: Other;Activity peaked in 2018-2019 and declined, with an 11-month longest gap (2023-06 to 2024-04). The gap was fairly easy to interpret, since work resumed when new TESS data needed support.
algebraicjulia_catlab.jl;4645;88;2017-01-24;2026-04-17;727;73;2026-07-02T15:25:46Z;2019-04;2019-06;3;4202;declining;1;Feature development:Dependency updates;Documentation updates:Other;Short early pause after the v0.2.1 release and dropping Julia 0.7;Yes;Normal development resumed with new notebooks and cleanup;Same core maintainer, with many new authors joining later.;Active;Dependency updates:Other;"Activity grew to a 2020 peak and then declined, with only one short gap (2019-04 to 2019-06). The gap was easy to interpret; bot accounts inflate the commit counts."
microprediction_timemachines;1441;14;2021-01-04;2024-10-21;443;54;2026-09-24T16:28:02Z;2023-07;2024-09;15;31;declining;1;Other:Feature development;Documentation updates:Other;"Maintainer likely moved on; pre-gap commits were small notebook, test, and setup edits";Yes;Maintainer returned to fix CI workflows and refresh docs;Same person, no new authors.;Active;Documentation updates: Other;"Most activity was in 2021, with a 15-month longest gap (2023-07 to 2024-09). The gap was hard to interpret; one maintainer likely left and returned to fix CI and docs."
ntustison_crosslong;311;23;2016-06-29;2025-07-16;0;0;2026-08-11T20:35:10Z;2022-01;2025-06;42;1;declining;3;Feature development:Other;Documentation updates;"Research analysis likely finished; pre-gap commits were model runs and data dumps";No;N/A;Same person (1 commit).;Active;Other;Small bursts through 2021, then a 42-month gap (2022-01 to 2025-06) with one commit afterward. The gap was easy to interpret as a finished analysis, though GitHub shows only 1 commit against 311 in WoC
patwie_cppnumericalsolvers;335;40;2014-05-29;2026-01-08;978;205;2026-07-24T14:45:03Z;2022-09;2023-12;16;42;U-shaped;14;Bug fixes:Other;Feature development:Other;"Maintenance mode with one maintainer; pre-gap commits were small bug fixes.";Yes;Major rewrite: Bazel 8, Nelder-Mead, constrained optimization, faster L-BFGS;Same maintainer, plus 2 new authors.;Active;Other: Bug fixes;U-shaped activity with 14 gaps and a 16-month longest gap (2022-09 to 2023-12). One maintainer likely returned for a v2.0 rewrite, which made the gap fairly easy to interpret
sftcd_surveys;392;11;2017-09-15;2025-08-14;5;5;2026-07-03T19:23:22Z;2019-08;2021-08;25;34;irregular;7;Bug fixes:Feature development;Feature development:Other;"Survey study likely complete; pre-gap commits were final script tweaks.";Yes;New contributors extended the scripts (MaxMind GeoIP tooling);Mostly new people (pushldr, Rahul Seth).;Active;Dependency updates: Other;One burst in 2017-2018, then sporadic work, with a 25-month longest gap (2019-08 to 2021-08). The study looks finished and new contributors restarted it, so the gap was moderately easy to interpret.
simplenlg_simplenlg;136;23;2014-08-20;2024-12-06;832;185;2024-12-06T12:07:07Z;2018-09;2020-02;18;37;irregular;8;Documentation updates:Bug fixes;Bug fixes:Documentation updates;"Part-time maintainer and low demand; pre-gap commits were merged outside PRs and README edits.";Yes;Fixes for newer JDKs and numbered issue reports (#54, #65, #75, #76);Same maintainer plus new contributors.;Inactive;Documentation updates: Dependency updates;A 2015 spike then a few commits a year, with an 18-month longest gap (2018-09 to 2020-02). Users reporting JDK issues likely pulled the maintainer back, and the project is now inactive.
smtorg_smt;3821;98;2016-11-08;2025-10-31;916;231;2026-09-17T08:03:24Z;2022-10;2022-11;2;1809;steady;0;Feature development:Documentation updates;Feature development:Bug fixes;N/A active Project;N/A;N/A;N/A;Active;Automated bot contributions: Documentation updates;Active every year, and the longest zero-commit stretch is only 2 months (2022-10 to 2022-11). There was no real gap to interpret.
stan-dev_projpred;6804;34;2016-06-16;2025-11-01;114;31;2026-09-26T10:10:01Z;2018-12;2019-02;3;6129;declining;1;Documentation updates:Other;Bug fixes:Dependency updates;Brief pause after documentation updates, likely before a CRAN release.;Yes;CRAN fixes, news updates and test fixes;Mixed: core maintainers plus many new authors.;Active;Documentation updates: Release;Activity peaked in 2021 and declined gradually, with one 3-month gap (2018-12 to 2019-02). The gap was easy to interpret as a CRAN release cycle
whizzml_examples;525;27;2016-05-14;2025-05-23;24;42;2025-05-23T17:56:00Z;2024-02;2025-03;14;14;declining;7;Documentation updates:Bug fixes;Feature development:Bug fixes;"Work likely finished; pre-gap commits were documentation polishing.";Yes;New time series preprocessing utilities;Same person.;Active;Feature development: Bug fixes;Most activity was in 2016-2018, with a 14-month longest gap (2024-02 to 2025-03). One maintainer returned to add time series utilities, so the gap was easy to interpret.
