Month;#Commits
2017-01;33
2017-02;23
2017-03;38
2017-04;94
2017-05;19
2017-06;34
2017-07;37
2017-08;34
2017-09;22
2017-10;11
2017-11;8
2017-12;1
2018-01;4
2018-02;0
2018-03;4
2018-04;3
2018-05;4
2018-06;0
2018-07;0
2018-08;7
2018-09;1
2018-10;2
2018-11;7
2018-12;22
2019-01;8
2019-02;22
2019-03;5
2019-04;0
2019-05;0
2019-06;0
2019-07;1
2019-08;92
2019-09;61
2019-10;0
2019-11;38
2019-12;172
2020-01;92
2020-02;63
2020-03;218
2020-04;67
2020-05;38
2020-06;107
2020-07;159
2020-08;107
2020-09;202
2020-10;140
2020-11;106
2020-12;141
2021-01;48
2021-02;21
2021-03;24
2021-04;79
2021-05;87
2021-06;39
2021-07;115
2021-08;75
2021-09;47
2021-10;170
2021-11;126
2021-12;13
2022-01;34
2022-02;26
2022-03;51
2022-04;89
2022-05;28
2022-06;3
2022-07;78
2022-08;59
2022-09;48
2022-10;64
2022-11;29
2022-12;38
2023-01;31
2023-02;1
2023-03;54
2023-04;24
2023-05;96
2023-06;70
2023-07;59
2023-08;26
2023-09;53
2023-10;40
2023-11;6
2023-12;40
2024-01;30
2024-02;36
2024-03;11
2024-04;41
2024-05;23
2024-06;44
2024-07;26
2024-08;10
2024-09;7
2024-10;36
2024-11;25
2024-12;35
2025-01;19
2025-02;12
2025-03;21
2025-04;10
2025-05;10
2025-06;2
2025-07;13
2025-08;13
2025-09;2
2025-10;25
2025-11;3
2025-12;14
2026-01;2
2026-02;16
2026-03;11
2026-04;10
