Project;ncommits;nauthors;from;to;nstars;nforks;lastGHCommitDate;LongestGapStart;LongestGapEnd;LongestGapLength;NumCommitsAfterLastGap;ActivityPattern;NumberOfGapsInTimeline
afeinstein20_eleanor;1665;40;2018-07-24;2025-08-26;101;43;2026-07-17T21:38:37Z;2023-06;2024-04;11;43;;3
algebraicjulia_catlab.jl;4645;88;2017-01-24;2026-04-17;727;73;2026-07-02T15:25:46Z;2019-04;2019-06;3;4202;;1
microprediction_timemachines;1441;14;2021-01-04;2024-10-21;443;54;2026-09-24T16:28:02Z;2023-07;2024-09;15;31;;1
ntustison_crosslong;311;23;2016-06-29;2025-07-16;0;0;2026-08-11T20:35:10Z;2022-01;2025-06;42;1;;3
patwie_cppnumericalsolvers;335;40;2014-05-29;2026-01-08;978;205;2026-07-24T14:45:03Z;2022-09;2023-12;16;42;;14
sftcd_surveys;392;11;2017-09-15;2025-08-14;5;5;2026-07-03T19:23:22Z;2019-08;2021-08;25;34;;7
simplenlg_simplenlg;136;23;2014-08-20;2024-12-06;832;185;2024-12-06T12:07:07Z;2018-09;2020-02;18;37;;8
smtorg_smt;3821;98;2016-11-08;2025-10-31;916;231;2026-09-17T08:03:24Z;2022-10;2022-11;2;1809;;0
stan-dev_projpred;6804;34;2016-06-16;2025-11-01;114;31;2026-09-26T10:10:01Z;2018-12;2019-02;3;6129;;1
whizzml_examples;525;27;2016-05-14;2025-05-23;24;42;2025-05-23T17:56:00Z;2024-02;2025-03;14;14;;7
